--
-- PostgreSQL database dump
--

-- Dumped from database version 17.0
-- Dumped by pg_dump version 17.0

-- Started on 2024-11-19 09:47:07

SET statement_timeout = 0;
SET lock_timeout = 0;
SET idle_in_transaction_session_timeout = 0;
SET transaction_timeout = 0;
SET client_encoding = 'UTF8';
SET standard_conforming_strings = on;
SELECT pg_catalog.set_config('search_path', '', false);
SET check_function_bodies = false;
SET xmloption = content;
SET client_min_messages = warning;
SET row_security = off;

--
-- TOC entry 2 (class 3079 OID 16921)
-- Name: pgcrypto; Type: EXTENSION; Schema: -; Owner: -
--

CREATE EXTENSION IF NOT EXISTS pgcrypto WITH SCHEMA public;


--
-- TOC entry 4962 (class 0 OID 0)
-- Dependencies: 2
-- Name: EXTENSION pgcrypto; Type: COMMENT; Schema: -; Owner: 
--

COMMENT ON EXTENSION pgcrypto IS 'cryptographic functions';


SET default_tablespace = '';

SET default_table_access_method = heap;

--
-- TOC entry 218 (class 1259 OID 16958)
-- Name: administrador; Type: TABLE; Schema: public; Owner: postgres
--

CREATE TABLE public.administrador (
    admin_username text NOT NULL,
    admin_fullname text,
    admin_email text,
    admin_password text,
    admin_registration_date date,
    admin_url_foto_perfil text
);


ALTER TABLE public.administrador OWNER TO postgres;

--
-- TOC entry 219 (class 1259 OID 16963)
-- Name: comentarios; Type: TABLE; Schema: public; Owner: postgres
--

CREATE TABLE public.comentarios (
    id_comentario integer NOT NULL,
    id_videojuego integer NOT NULL,
    id_usuario text NOT NULL,
    texto text NOT NULL,
    fecha timestamp without time zone DEFAULT CURRENT_TIMESTAMP
);


ALTER TABLE public.comentarios OWNER TO postgres;

--
-- TOC entry 220 (class 1259 OID 16969)
-- Name: comentarios_id_comentario_seq; Type: SEQUENCE; Schema: public; Owner: postgres
--

CREATE SEQUENCE public.comentarios_id_comentario_seq
    AS integer
    START WITH 1
    INCREMENT BY 1
    NO MINVALUE
    NO MAXVALUE
    CACHE 1;


ALTER SEQUENCE public.comentarios_id_comentario_seq OWNER TO postgres;

--
-- TOC entry 4963 (class 0 OID 0)
-- Dependencies: 220
-- Name: comentarios_id_comentario_seq; Type: SEQUENCE OWNED BY; Schema: public; Owner: postgres
--

ALTER SEQUENCE public.comentarios_id_comentario_seq OWNED BY public.comentarios.id_comentario;


--
-- TOC entry 221 (class 1259 OID 16970)
-- Name: denuncia; Type: TABLE; Schema: public; Owner: postgres
--

CREATE TABLE public.denuncia (
    id_denuncia integer NOT NULL,
    descripcion text NOT NULL,
    fecha date NOT NULL,
    pendiente boolean NOT NULL,
    id_mensaje integer NOT NULL,
    id_usuario_denunciante text NOT NULL,
    id_admin text
);


ALTER TABLE public.denuncia OWNER TO postgres;

--
-- TOC entry 222 (class 1259 OID 16975)
-- Name: denuncia_id_denuncia_seq; Type: SEQUENCE; Schema: public; Owner: postgres
--

ALTER TABLE public.denuncia ALTER COLUMN id_denuncia ADD GENERATED BY DEFAULT AS IDENTITY (
    SEQUENCE NAME public.denuncia_id_denuncia_seq
    START WITH 100
    INCREMENT BY 1
    MINVALUE 100
    MAXVALUE 10000
    CACHE 1
);


--
-- TOC entry 223 (class 1259 OID 16976)
-- Name: faqs; Type: TABLE; Schema: public; Owner: postgres
--

CREATE TABLE public.faqs (
    id integer NOT NULL,
    pregunta text NOT NULL,
    respuesta text NOT NULL,
    fecha_creacion timestamp without time zone NOT NULL
);


ALTER TABLE public.faqs OWNER TO postgres;

--
-- TOC entry 224 (class 1259 OID 16981)
-- Name: faqs_id_seq; Type: SEQUENCE; Schema: public; Owner: postgres
--

CREATE SEQUENCE public.faqs_id_seq
    AS integer
    START WITH 1
    INCREMENT BY 1
    NO MINVALUE
    NO MAXVALUE
    CACHE 1;


ALTER SEQUENCE public.faqs_id_seq OWNER TO postgres;

--
-- TOC entry 4964 (class 0 OID 0)
-- Dependencies: 224
-- Name: faqs_id_seq; Type: SEQUENCE OWNED BY; Schema: public; Owner: postgres
--

ALTER SEQUENCE public.faqs_id_seq OWNED BY public.faqs.id;


--
-- TOC entry 225 (class 1259 OID 16982)
-- Name: foro; Type: TABLE; Schema: public; Owner: postgres
--

CREATE TABLE public.foro (
    id_foro integer NOT NULL,
    titulo text,
    fecha timestamp with time zone,
    id_usuario text,
    imagen text,
    descripcion text
);


ALTER TABLE public.foro OWNER TO postgres;

--
-- TOC entry 226 (class 1259 OID 16987)
-- Name: foro_id_foro_seq; Type: SEQUENCE; Schema: public; Owner: postgres
--

ALTER TABLE public.foro ALTER COLUMN id_foro ADD GENERATED BY DEFAULT AS IDENTITY (
    SEQUENCE NAME public.foro_id_foro_seq
    START WITH 100
    INCREMENT BY 1
    MINVALUE 100
    MAXVALUE 10000
    CACHE 1
);


--
-- TOC entry 227 (class 1259 OID 16988)
-- Name: genero; Type: TABLE; Schema: public; Owner: postgres
--

CREATE TABLE public.genero (
    id_genero integer NOT NULL,
    nombre_genero text NOT NULL
);


ALTER TABLE public.genero OWNER TO postgres;

--
-- TOC entry 228 (class 1259 OID 16993)
-- Name: juegoseleccionado; Type: TABLE; Schema: public; Owner: postgres
--

CREATE TABLE public.juegoseleccionado (
    id_juego integer NOT NULL,
    img1 text,
    img2 text,
    img3 text,
    img4 text,
    img5 text,
    video1 text
);


ALTER TABLE public.juegoseleccionado OWNER TO postgres;

--
-- TOC entry 229 (class 1259 OID 16998)
-- Name: mensaje; Type: TABLE; Schema: public; Owner: postgres
--

CREATE TABLE public.mensaje (
    id_mensaje integer NOT NULL,
    texto text NOT NULL,
    fecha timestamp with time zone NOT NULL,
    mostrar boolean NOT NULL,
    id_usuario text NOT NULL,
    id_foro integer NOT NULL
);


ALTER TABLE public.mensaje OWNER TO postgres;

--
-- TOC entry 230 (class 1259 OID 17003)
-- Name: mensaje_id_mensaje_seq; Type: SEQUENCE; Schema: public; Owner: postgres
--

ALTER TABLE public.mensaje ALTER COLUMN id_mensaje ADD GENERATED BY DEFAULT AS IDENTITY (
    SEQUENCE NAME public.mensaje_id_mensaje_seq
    START WITH 100
    INCREMENT BY 1
    MINVALUE 100
    MAXVALUE 10000
    CACHE 1
);


--
-- TOC entry 231 (class 1259 OID 17004)
-- Name: noticia; Type: TABLE; Schema: public; Owner: postgres
--

CREATE TABLE public.noticia (
    id_noticia integer NOT NULL,
    titulo text NOT NULL,
    url_noticia text NOT NULL,
    fechapublicacion timestamp with time zone NOT NULL,
    id_videojuego integer NOT NULL,
    url_imagen text NOT NULL
);


ALTER TABLE public.noticia OWNER TO postgres;

--
-- TOC entry 232 (class 1259 OID 17009)
-- Name: noticia_id_noticia_seq; Type: SEQUENCE; Schema: public; Owner: postgres
--

ALTER TABLE public.noticia ALTER COLUMN id_noticia ADD GENERATED BY DEFAULT AS IDENTITY (
    SEQUENCE NAME public.noticia_id_noticia_seq
    START WITH 20
    INCREMENT BY 1
    NO MINVALUE
    NO MAXVALUE
    CACHE 1
);


--
-- TOC entry 233 (class 1259 OID 17010)
-- Name: plataforma; Type: TABLE; Schema: public; Owner: postgres
--

CREATE TABLE public.plataforma (
    id_plataforma integer NOT NULL,
    nombre_plataforma text NOT NULL
);


ALTER TABLE public.plataforma OWNER TO postgres;

--
-- TOC entry 234 (class 1259 OID 17015)
-- Name: usuario; Type: TABLE; Schema: public; Owner: postgres
--

CREATE TABLE public.usuario (
    username text NOT NULL,
    fullname text,
    email text,
    password text,
    registration_date date,
    url_foto_perfil text
);


ALTER TABLE public.usuario OWNER TO postgres;

--
-- TOC entry 235 (class 1259 OID 17020)
-- Name: valoracion; Type: TABLE; Schema: public; Owner: postgres
--

CREATE TABLE public.valoracion (
    id_videojuego integer NOT NULL,
    id_usuario text NOT NULL,
    fecha date NOT NULL,
    puntuacion integer NOT NULL,
    CONSTRAINT valoracion_correcta CHECK (((puntuacion >= 1) AND (puntuacion <= 10)))
);


ALTER TABLE public.valoracion OWNER TO postgres;

--
-- TOC entry 236 (class 1259 OID 17026)
-- Name: videojuego; Type: TABLE; Schema: public; Owner: postgres
--

CREATE TABLE public.videojuego (
    id_videojuego integer NOT NULL,
    nombre text NOT NULL,
    descripcion text NOT NULL,
    precio text NOT NULL,
    desarrollador text NOT NULL,
    agno_lanzamiento integer NOT NULL,
    url_imagen text
);


ALTER TABLE public.videojuego OWNER TO postgres;

--
-- TOC entry 237 (class 1259 OID 17031)
-- Name: videojuego_genero; Type: TABLE; Schema: public; Owner: postgres
--

CREATE TABLE public.videojuego_genero (
    id_videojuego integer NOT NULL,
    id_genero integer NOT NULL
);


ALTER TABLE public.videojuego_genero OWNER TO postgres;

--
-- TOC entry 238 (class 1259 OID 17034)
-- Name: videojuego_id_videojuego_seq; Type: SEQUENCE; Schema: public; Owner: postgres
--

ALTER TABLE public.videojuego ALTER COLUMN id_videojuego ADD GENERATED BY DEFAULT AS IDENTITY (
    SEQUENCE NAME public.videojuego_id_videojuego_seq
    START WITH 100
    INCREMENT BY 1
    MINVALUE 100
    NO MAXVALUE
    CACHE 1
    CYCLE
);


--
-- TOC entry 239 (class 1259 OID 17035)
-- Name: videojuego_plataforma; Type: TABLE; Schema: public; Owner: postgres
--

CREATE TABLE public.videojuego_plataforma (
    id_juego integer NOT NULL,
    id_plataforma integer NOT NULL
);


ALTER TABLE public.videojuego_plataforma OWNER TO postgres;

--
-- TOC entry 4740 (class 2604 OID 17038)
-- Name: comentarios id_comentario; Type: DEFAULT; Schema: public; Owner: postgres
--

ALTER TABLE ONLY public.comentarios ALTER COLUMN id_comentario SET DEFAULT nextval('public.comentarios_id_comentario_seq'::regclass);


--
-- TOC entry 4742 (class 2604 OID 17039)
-- Name: faqs id; Type: DEFAULT; Schema: public; Owner: postgres
--

ALTER TABLE ONLY public.faqs ALTER COLUMN id SET DEFAULT nextval('public.faqs_id_seq'::regclass);


--
-- TOC entry 4935 (class 0 OID 16958)
-- Dependencies: 218
-- Data for Name: administrador; Type: TABLE DATA; Schema: public; Owner: postgres
--

COPY public.administrador (admin_username, admin_fullname, admin_email, admin_password, admin_registration_date, admin_url_foto_perfil) FROM stdin;
Alex33	Alex	874113@unizar.es	$2a$06$pUAPvLYJBpESBH/u5s9ee.0VR68YfQEA7bil7Eo2868EdD0IZa9sy	2024-10-10	./TheLegendofZeldaBreathofthewild.jpg
\.


--
-- TOC entry 4936 (class 0 OID 16963)
-- Dependencies: 219
-- Data for Name: comentarios; Type: TABLE DATA; Schema: public; Owner: postgres
--

COPY public.comentarios (id_comentario, id_videojuego, id_usuario, texto, fecha) FROM stdin;
29	5	adrianzeus	Este mensaje ha sido eliminado por un Administrador	2024-10-31 16:30:40.324832
16	5	Alex33	Este mensaje ha sido eliminado por un Administrador	2024-10-29 21:29:18.873082
35	5	Alex33	Hola	2024-11-08 08:17:30.032775
32	5	S6xto	Este mensaje ha sido eliminado por un Administrador	2024-11-03 11:15:40.791854
36	5	S6xto	Este mensaje ha sido eliminado por un Administrador	2024-11-08 08:32:43.204697
37	5	zeuselrey7	Viva xd	2024-11-12 16:33:57.997417
\.


--
-- TOC entry 4938 (class 0 OID 16970)
-- Dependencies: 221
-- Data for Name: denuncia; Type: TABLE DATA; Schema: public; Owner: postgres
--

COPY public.denuncia (id_denuncia, descripcion, fecha, pendiente, id_mensaje, id_usuario_denunciante, id_admin) FROM stdin;
126	A mi me parece que nintendo es mi papito	2024-11-13	f	126	S6xto	Alex33
127	A mi me parece que nintendo es mi papito	2024-11-13	f	126	S6xto	Alex33
128	A mi me parece que nintendo es mi papito	2024-11-13	t	126	S6xto	\N
\.


--
-- TOC entry 4940 (class 0 OID 16976)
-- Dependencies: 223
-- Data for Name: faqs; Type: TABLE DATA; Schema: public; Owner: postgres
--

COPY public.faqs (id, pregunta, respuesta, fecha_creacion) FROM stdin;
12	¿Cómo puedo crear una cuenta en ForumZGames?	Para crear una cuenta en ForumZGames, solo necesitas hacer clic en el botón "Registrarse" en la esquina superior derecha de la página. Luego, sigue los pasos ingresando tu correo electrónico y eligiendo una contraseña segura.	2024-11-12 18:43:31
13	¿Puedo cambiar mi nombre de usuario después de registrarme?	Hasta el momento no está implementada la función de poderse cambiar el nombre de usuario.	2024-11-12 18:44:03
15	¿Cómo puedo calificar un videojuego en la plataforma?	Para calificar un videojuego, visita la página del juego que deseas valorar. Haz clic en "Vota" y selecciona la puntuación del 1 al 10. Además, puedes dejar un comentario con tu opinión en la propia página del juego.	2024-11-12 18:45:23
16	¿Qué hago si encuentro un comportamiento inapropiado en los foros?	Si encuentras un comportamiento inapropiado, puedes reportarlo haciendo clic en el botón "Reportar" que se encuentra al lado del comentario. Nuestro equipo revisará el reporte y tomará las acciones necesarias.	2024-11-12 18:46:35
17	¿Cómo funcionan los foros de discusión?	Los foros de discusión son un tema libre de opinión donde todo el mundo puede hablar sobre cualquier tema relacionado con los videojuegos. Puedes unirte a cualquier discusión existente o crear una nueva publicación si quieres hablar de un tema que aún no se ha tratado.	2024-11-12 18:48:41
18	¿Hay algún costo por usar ForumZGames?	No, ForumZGames es completamente gratuito para la totalidad de sus funciones.	2024-11-12 18:49:35
\.


--
-- TOC entry 4942 (class 0 OID 16982)
-- Dependencies: 225
-- Data for Name: foro; Type: TABLE DATA; Schema: public; Owner: postgres
--

COPY public.foro (id_foro, titulo, fecha, id_usuario, imagen, descripcion) FROM stdin;
110	Exploradores del Bucle: Comunidad de Outer Wilds	2024-11-13 19:08:04.094644+01	S6xto	./6734eb0416f45_maxresdefault.png	Únete a otros viajeros espaciales para compartir teorías, secretos, y descubrimientos sobre el misterioso universo de Outer Wilds. Desde la física cuántica hasta el bucle temporal, discutimos todo lo que hace de este juego una experiencia inolvidable. ¡Comparte tus aventuras y desentrañemos juntos los misterios del cosmos!
111	¿Vale la pena Black Myth: Wukong? Opiniones y Expectativas	2024-11-13 19:08:25.381852+01	S6xto	./6734eb195d128_R.png	¿Estás pensando en comprar Black Myth: Wukong? Únete a la discusión sobre si este esperado RPG de acción cumple con las expectativas. Hablemos de gráficos, jugabilidad, y si realmente justifica el hype. Comparte tus impresiones o escucha lo que otros jugadores opinan antes de tomar la decisión.
112	¿Es Faker Sobrevalorado? ¿Caps el Verdadero GOAT del LoL?	2024-11-13 19:09:06.585316+01	S6xto	./6734eb428eb79_72003-caps-article_cover_bd-1.png	El reciente Mundial de League of Legends ha reavivado la eterna discusión: ¿Es Faker realmente el mejor de todos los tiempos o está sobrevalorado? Algunos dicen que Caps es el verdadero mejor jugador de la historia. Comparte tus opiniones sobre sus desempeños, habilidades y el impacto de cada uno en la escena competitiva. ¿Es hora de que una nueva leyenda ocupe el trono? ¡Debatamos juntos!
113	Nintendo volvió a sacar la escopeta: 'Cese y Desista'	2024-11-13 19:09:37.154258+01	S6xto	./6734eb612586e_image.png	Nintendo lo ha vuelto a hacer: un nuevo proyecto de fans recibe el temido 'Cese y Desista'. Desde juegos tributo hasta fangames creativos, la gran N no tiene piedad. ¿Es esto protección de propiedad intelectual o un exceso? Únete a la discusión sobre cómo Nintendo maneja a su comunidad creativa y comparte tus pensamientos sobre el impacto en los fans y la cultura gamer. ¿Qué opinas de la "escopeta legal" de Nintendo?
\.


--
-- TOC entry 4944 (class 0 OID 16988)
-- Dependencies: 227
-- Data for Name: genero; Type: TABLE DATA; Schema: public; Owner: postgres
--

COPY public.genero (id_genero, nombre_genero) FROM stdin;
1	Acción
2	Aventura
3	RPG
4	Sandbox
5	Metroidvania
6	Supervivencia
7	Estrategia
8	Simulación
9	Deportes
10	Carreras
11	Puzle
12	Terror
13	Música
14	Lucha
15	Arcade
16	Plataformas
17	Battle Royale
18	Shooter
19	MMORPG
20	MOBA
21	Cartas
22	Hack and Slash
23	Point and Click
24	Party Game
25	Idle
26	Realidad Virtual
\.


--
-- TOC entry 4945 (class 0 OID 16993)
-- Dependencies: 228
-- Data for Name: juegoseleccionado; Type: TABLE DATA; Schema: public; Owner: postgres
--

COPY public.juegoseleccionado (id_juego, img1, img2, img3, img4, img5, video1) FROM stdin;
3	./3/C1.jpg	./3/C2.jpg	./3/C3.jpg	./3/C4.avif	./3/C5.avif	https://www.youtube.com/watch?v=VhM3NRu23Sk
2	./2/TLOA1.jpg	./2/TLOA2.jpg	./2/TLOA3.jpg	./2/TLOA4.jpg	./2/TLOA5.webp	https://www.youtube.com/watch?v=Do8gBW2oy_c
5	./Minecraft/img1.jpg	./Minecraft/img2.jpeg	./Minecraft/img3.jpg	./Minecraft/img4.jpg	./Minecraft/img5.png	https://youtu.be/dqhwRaXgQDg?si=wP-5eLKszpEG3CQW
4	./4/h1.jpg	./4/h2.jpg	./4/h3.jpg	./4/h4.webp	./4/h5.jpg	https://www.youtube.com/watch?v=UAO2urG23S4
6	./6/W1.jpg	./6/W2.jpg	./6/W3.jpg	./6/W4.jpg	./6/W5.jpg	https://www.youtube.com/watch?v=XHrskkHf958
8	./8/HADES1.jpg	./8/HADES2.webp	./8/HADES3.jpg	./8/HADES4.webp	./8/HADES5.webp	https://www.youtube.com/watch?v=ClZe5x8Tfiw
1	./1/Z1.jpg	./1/Z2.png	./1/Z3.png	./1/Z4.jpg	./1/Z5.jpg	https://www.youtube.com/watch?v=ofH5ptn5w-A
7	./7/Celeste1.jpg	./7/Celeste2.webp	./7/Celeste3.jpg	./7/Celeste4.png	./7/Celeste5.jpg	https://www.youtube.com/watch?v=70d9irlxiB4
9	./9/Cup1.jpg	./9/Cup2.jpg	./9/Cup3.jpg	./9/Cup4.jpg	./9/Cup5.png	https://www.youtube.com/watch?v=81zM_vg96VY
10	./10/S1.jpg	./10/S2.jpg	./10/S3.jpg	./10/S4.jpg	./10/S5.jpg	https://www.youtube.com/watch?v=ot7uXNQskhs
11	./11/DC1.webp	./11/DC2.webp	./11/DC3.jpg	./11/DC4.jpg	./11/DC5.jpg	https://www.youtube.com/watch?v=gX4cGcwmdsY
12	./12/OW1.webp	./12/OW2.webp	./12/OW3.png	./12/OW4.webp	./12/OW5.jpg	https://www.youtube.com/watch?v=V5-raWPy9EQ
120	./120/eldenring1.jpeg	./120/eldenring2.jpeg	./120/eldenring3.jpeg	./120/eldenring4.jpeg	./120/eldenring5.jpeg	https://www.youtube.com/watch?v=CptaXqVY6-E
121	./121/Ln11.jpeg	./121/LN2.jpeg	./121/LN3.webp	./121/LN4.webp	./121/LN5.webp	https://www.youtube.com/watch?v=XFHOsobwFrA
122	./122/HN1.jpg	./122/HN2.jpg	./122/HN3.webp	./122/HN4.avif	./122/HN5.jpg	https://www.youtube.com/watch?v=yQxwbZsL14Y
123	./123/LOL1.png	./123/LOL2.jpg	./123/LOL3.webp	./123/LOL4.jpeg	./123/LOL5.jpg	https://www.youtube.com/watch?v=ZHhqwBwmRkI
124	./124/D21.webp	./124/D22.png	./124/D23.webp	./124/D24.webp	./124/D25.jpeg	https://www.youtube.com/watch?v=78rj5zVb8pQ
125	./125/Outer1.jpg	./125/outer2.jpg	./125/outer3.webp	./125/outer4.avif	./125/outer5.webp	https://www.youtube.com/watch?v=ZKJUMMCJvGM
126	./126/Inscryption1.jpg	./126/Inscryption2.jpg	./126/Inscryption3.webp	./126/Inscryption4.webp	./126/Inscryption5.png	https://www.youtube.com/watch?v=Rl3NTzzw-2o
127	./127/Slime1.jpg	./127/Slime2.jpg	./127/Slime3.jpg	./127/Slime4.jpg	./127/Slime5.webp	https://www.youtube.com/watch?v=oOL-dsa79Xs
\.


--
-- TOC entry 4946 (class 0 OID 16998)
-- Dependencies: 229
-- Data for Name: mensaje; Type: TABLE DATA; Schema: public; Owner: postgres
--

COPY public.mensaje (id_mensaje, texto, fecha, mostrar, id_usuario, id_foro) FROM stdin;
126	A mi me parece que nintendo es mi papito	2024-11-13 19:22:47.770103+01	t	Alex33	113
\.


--
-- TOC entry 4948 (class 0 OID 17004)
-- Dependencies: 231
-- Data for Name: noticia; Type: TABLE DATA; Schema: public; Owner: postgres
--

COPY public.noticia (id_noticia, titulo, url_noticia, fechapublicacion, id_videojuego, url_imagen) FROM stdin;
36	El responsable de The Legend of Zelda da pistas sobre los primeros juegos de la saga que llegarán a Nintendo Switch 2	https://www.msn.com/es-es/entretenimiento/juegos/el-responsable-de-the-legend-of-zelda-da-pistas-sobre-los-primeros-juegos-de-la-saga-que-llegarán-a-nintendo-switch-2/ar-AA1u14rq	2024-11-13 17:34:03+01	1	./The-Legend-of-Zelda-Tears-of-the-Kingdom.png
37	Hidetaka Miyazaki confirma que Elden Ring no tendrá más DLC tras Shadow of the Erdtree	https://as.com/meristation/noticias/hidetaka-miyazaki-confirma-que-elden-ring-no-tendra-mas-dlc-tras-shadow-of-the-erdtree-n/#:~:text=Sí%2C%20así%20lo%20ha%20confirmado%20Miyazaki%20en%20una,exploración%20y%20la%20aventura%20en%20un%20gran%20mundo	2024-11-13 18:57:22+01	120	./radahn-1653578134815-1170x658.png
38	Todo sobre Little Nightmares 3, la perturbadora tercera parte de la espeluznante saga de terror, puzles y plataformas	https://www.msn.com/es-es/motor/noticias/todo-sobre-little-nightmares-3-la-perturbadora-tercera-parte-de-la-espeluznante-saga-de-terror-puzles-y-plataformas/ar-AA1thYiq	2024-11-13 18:58:20+01	121	./AA1ti8Ic.png
39	A pesar de su debut desastroso, Cyberpunk 2077 la rompió a lo grande en 2022	https://www.levelup.com/noticias/731024/A-pesar-de-su-debut-desastroso-Cyberpunk-2077-la-rompio-a-lo-grande-en-2022#:~:text=Cyberpunk%202077%20tuvo%20uno%20de%20los%20lanzamientos%20más,audiencia%3B%20en%20pocas%20palabras%2C%20no%20sobrevivió%20al%20hype	2024-11-13 18:58:51+01	3	./cyberpunk-2077-2.png
40	Todo sobre Hollow Knight: Silksong, la esperada secuela metroidvania de Team Cherry	https://www.vidaextra.com/juegos-nuevos/hollow-knight-silksong-fecha-lanzamiento-ultimas-noticias-rumores	2024-11-13 18:59:34+01	122	./450_1000.png
41	Todos los detalles del teaser del Acto 2 de Arcane: el principio del fin	https://esports.as.com/bonus/cine--series-y-anime/detalles-teaser-Acto-Arcane-principio_0_1848115172.html	2024-11-13 19:00:20+01	123	./Vi-teaser-acto-temporada-Arcane_1848125189_1271643_1440x600.png
42	Misterios y nuevas alianzas en el Acto II de Destiny 2: Resurgimiento con contenido exclusivo	https://www.msn.com/es-co/entretenimiento/juegos/misterios-y-nuevas-alianzas-en-el-acto-ii-de-destiny-2-resurgimiento-con-contenido-exclusivo/ar-AA1tXNf8	2024-11-13 19:01:00+01	124	./202212711184275_1.png
43	Outer Wilds es un indie muy querido al que debes jugar antes de que salga de PS Plus Extra	https://vandal.elespanol.com/noticia/1350769754/outer-wilds-es-un-indie-muy-querido-al-que-debes-jugar-antes-de-que-salga-de-ps-plus-extra/	2024-11-13 19:01:40+01	125	./H2x1_NSwitch_OuterWilds_image1600w.png
44	Esto es Inscryption, un juego de cartas y terror psicológico del creador de Pony Island y Devolver	https://www.3djuegos.com/juegos/inscryption/noticias/esto-es-inscryption-un-juego-de-cartas-y-terror-psicologico-210613-114592	2024-11-13 19:02:10+01	126	./ss_3b714682e9e0a214df1630a234e9f6764528eece1920x1080_jpg_1400x0_q85.png
45	Slime Rancher 2 ha vendido más de 300.000 unidades pese a estar en Xbox Game Pass	https://vandal.elespanol.com/noticia/1350756872/slime-rancher-2-ha-vendido-mas-de-300000-unidades-aunque-esta-disponible-en-xbox-game-pass/	2024-11-13 19:02:49+01	127	./Slime-Rancher-2-Come-Rain-or-Slime.png
46	Análisis de Celeste. La cumbre de los plataformas 2D	https://www.3djuegos.com/juegos/celeste/analisis/la-cumbre-de-los-plataformas-2d-180130-8205	2024-11-13 19:03:24+01	7	./maxresdefault.png
47	Minecraft Players Trying to Stop Mob Vote With Propaganda Posters and More Than 220,000 Signatures	https://www.ign.com/articles/minecraft-players-mob-vote-unionization	2024-11-13 19:04:03+01	5	./b69bb3a4433102da226db03a93b0417c.png
48	Los creadores de Cuphead ya trabajan en su nuevo juego	https://vandal.elespanol.com/noticia/1350767739/los-creadores-de-cuphead-ya-trabajan-en-su-nuevo-juego/	2024-11-13 19:05:02+01	9	./202312151221878_1.png
49	Primeros pasos Guía definitiva The Witcher 3: Wild Hunt	https://vandal.elespanol.com/guias/the-witcher-3-wild-hunt/primeros-pasos	2024-11-13 19:06:06+01	6	./20233520343041_1.jpg
50	Todo lo que se sabe sobre The Last of Us: Parte III; fecha de salida, trama, personajes, precio y más	https://areajugones.sport.es/videojuegos/todo-lo-que-se-sabe-the-last-of-us-parte-iii-fecha-salida-trama-personajes-precio/	2024-11-13 19:06:40+01	2	./1-7.png
\.


--
-- TOC entry 4950 (class 0 OID 17010)
-- Dependencies: 233
-- Data for Name: plataforma; Type: TABLE DATA; Schema: public; Owner: postgres
--

COPY public.plataforma (id_plataforma, nombre_plataforma) FROM stdin;
1	PC
2	PlayStation
3	Xbox
4	Nintendo Switch
\.


--
-- TOC entry 4951 (class 0 OID 17015)
-- Dependencies: 234
-- Data for Name: usuario; Type: TABLE DATA; Schema: public; Owner: postgres
--

COPY public.usuario (username, fullname, email, password, registration_date, url_foto_perfil) FROM stdin;
Nicolad	ddasfsdf	dsafsadfd@ola	$2y$10$cNnn3OOkbEOm7AH2j9i43uSOP7sQrQ4vf5oboMHYT8YohjGEmXLmu	2024-10-01	\N
Nicolad3	ddasfsdf	dsafsadfd@ola	$2y$10$WBYKyh.uY6sxk3hOdDx0Ee3gcyxCXJ9k8mgygn6zbUjZwNKLrmquS	2024-10-01	\N
silvitili	Silivia Granada	12345@gmail.com	$2y$10$ucjgT02IH3VkoCmpxjOMIOnyk82GONCSxqkIxjyw6.WPettBbDgBq	2024-10-01	\N
UmbreonFeetPics	Jorge Gallardo	lolete@unizar.es	$2y$10$FUm8nNPdRveY163/Pso5/uU/OBBYQnBdhB76jEpTNGoFCwLrojjCC	2024-10-02	\N
Ebaldo	Enrique Baldovin	869402@unizar.es	$2y$10$Eo9.9CXwxis0MELETJ6FU.GAcbvyDHOsPJ.bR33QVaOXnveKjKDPy	2024-10-02	\N
Juan	Juan tontito	3423@unizzar.es	$2y$10$DOl1P/GrpAhn8I/fpwf56eQLpWippvXnLv4Ya2RYu6hxTljjglXKe	2024-10-04	uploads/Logo_v1_updated.png
zeuselrey7	Adrian Becerril Granada	ojosazules0603@gmail.com	$2y$10$DNonCEg/dWLsBpnnz1lI7eTKwiOtXzKlaF99L83FF7KXsTNO0EGEm	2024-11-12	./Analysis Model Class Diagram.jpg
hola	dsfaafdsdsafds	fadsfdasfds@dfafdfdadfas	$2y$10$HNxzc7f7zbfbOOCCXMbsYO4Kb3zenb7XNbif0C2ecDEZWc5o5JCHG	2024-10-02	images/imagenperfildefault.png
S6xto	Pablo Nicolás Fabra	gatitalindaUwu@gmail.com	$2y$10$wTYYNKJNvXcTVWz9nPCqiOBul9aGOYX.wFe5vu14vRLLvDsN5pzva	2024-10-02	./image.png
adrianzeus	Adrian Becerril Granada	ojosazules0603@gmail.com	$2y$10$xtS0IhTTZ4VHjhAOqEOFUen8syvMlL07QLBqmpfwkYR5itfGj5NoS	2024-10-31	./imagenperfildefault.png
55	dsfaafdsdsafds	5@5	$2y$10$GUWO6YH2XbcCs8Ey1OpHdOnq5UvNLNNIJUqfNvDojXLxodfZG.FXS	2024-10-02	./imagenperfildefault.png
Alex33	Alex Gimenez	874113@unizar.es	$2y$10$rXYCiLjT4ykb2mzdhKLLieTdgQxj9iV6Xx1fjnnVa/dahnBc4TZp.	2024-10-02	./TheLegendofZeldaBreathofthewild.jpg
David_34	David Borrel	111@unizar.es	$2y$10$3PywARbhIscLfRQY.YVfjuv/7lJZ9RiwG1n/7JvPo.7FIzd8oWZz6	2024-10-04	uploads/581b7251f179b0001e658e50dcc5513e.jpg
BCRIL	Adrián Becerril	ojosazules0603@gmail.com	$2y$10$I66KknUHrAxPh8unoSx..eF4qjzmp4YqtG4RXuT.0GdmpW5J1Nccm	2024-10-01	uploads/Logo_v1_zgames.png
Alberto66	Alberto Maestro	6748@unizar.es	$2y$10$.pnk3YySpvH4bl08M2IHO.Y37xZuZgq79g7g2Ivh3XCzGaGt0KsOy	2024-10-04	uploads/Einalogo.png
zeuselrey	Adrian Becerril Granada	ojosazules0603@gmail.com	$2y$10$SBJDLkqJ8afjXkS.1ldhtuWmdaj4QJIx4X4s4J9oXL4Y0GeFtbXIm	2024-11-12	./imagenperfildefault.png
adrianzeus11	Adrian Becerril Granada	ojosazules0603@gmail.com	$2y$10$A.cgGk/z69.lufNst7FCkOQV.E6xKWjff63sZCAYWtv6plseeVkkm	2024-11-12	./imagenperfildefault.png
\.


--
-- TOC entry 4952 (class 0 OID 17020)
-- Dependencies: 235
-- Data for Name: valoracion; Type: TABLE DATA; Schema: public; Owner: postgres
--

COPY public.valoracion (id_videojuego, id_usuario, fecha, puntuacion) FROM stdin;
1	Alberto66	2024-10-01	9
2	Alex33	2024-10-02	7
3	David_34	2024-10-03	10
1	Ebaldo	2024-10-04	8
2	hola	2024-10-05	6
1	S6xto	2024-11-09	10
5	adrianzeus	2024-10-31	8
3	adrianzeus	2024-10-31	9
8	adrianzeus	2024-10-31	10
11	S6xto	2024-10-25	9
10	Alex33	2024-11-03	3
9	S6xto	2024-11-09	4
6	S6xto	2024-11-12	3
3	Alex33	2024-11-03	10
9	Alex33	2024-11-03	1
5	S6xto	2024-11-12	2
7	S6xto	2024-11-12	10
4	Alex33	2024-11-03	10
3	S6xto	2024-11-13	10
8	S6xto	2024-11-13	5
12	S6xto	2024-11-13	3
6	Alex33	2024-11-03	6
122	S6xto	2024-11-13	10
120	S6xto	2024-11-13	6
127	S6xto	2024-11-13	8
126	S6xto	2024-11-13	3
121	S6xto	2024-11-13	4
\.


--
-- TOC entry 4953 (class 0 OID 17026)
-- Dependencies: 236
-- Data for Name: videojuego; Type: TABLE DATA; Schema: public; Owner: postgres
--

COPY public.videojuego (id_videojuego, nombre, descripcion, precio, desarrollador, agno_lanzamiento, url_imagen) FROM stdin;
11	Dead Cells	Un juego de acción y plataformas roguelike que se desarrolla en un mundo en constante cambio.	29,99 €	Motion Twin	2018	./DeadCells.jpg
12	The Outer Worlds	Un RPG de acción en primera persona ambientado en un futuro alternativo.	59,99 €	Obsidian Entertainment	2019	./TOW.jpeg
120	Elden Ring	ELDEN RING ofrece vastos parajes de fantasía y sombrías e intricadas mazmorras que están conectadas de forma fluida y sin interrupciones. Recorre este impresionante mundo a pie o a caballo, en solitario u online con otros jugadores.	60,00 €	FromSoftware 	2022	./descarga.jpeg
121	Little Nightmares 3	Little Nightmares III es una perturbadora aventura atmosférica en la que los grandes amigos Low y Alone, que quieren huir de la Nada, colaborarán para resolver puzles y sobrevivir en un mundo de pesadilla, tanto en el cooperativo online para 2 jugadores como en el modo de un jugador con la I.A.	20,00 €	Supermassive Games	2025	./LN1.webp
122	Hollow Knight: Silksong	Hollow Knight: Silksong es la épica secuela de Hollow Knight, el galardonado juego de acción y aventura. Como la letal cazadora Hornet, viajarás a nuevas tierras, descubrirás nuevos poderes, combatirás contra hordas de insectos y bestias, y desvelarás antiguos secretos ligados a tu naturaleza y a tu pasado.	22,00 €	Team Cherry	2025	./HN.webp
123	League Of Legends	League of Legends es un juego de estrategia por equipos en el que dos equipos de cinco campeones se enfrentan para ver quién destruye antes la base del otro. Elige de entre un elenco de 140 campeones para realizar jugadas épicas, asesinar rivales y derribar torretas para alzarte con la victoria.	0,00 €	Riot Games	2009	./LOL.jpeg
124	Destiny 2	Destiny 2 es un videojuego de disparos en primera persona, desarrollado y publicado por Bungie. Se lanzó el 6 de septiembre de 2017 para PlayStation 4 y Xbox One, y el 24 de octubre del mismo año para Microsoft Windows.Es la secuela de Destiny y sus posteriores expansiones.	0,00 €	Bungie Studios	2017	./D2.jpeg
125	Outer Wilds	Outer Wilds es una aventura de misterio en un mundo abierto acerca de un sistema solar atrapado en un bucle temporal infinito. ¡Te damos la bienvenida al programa espacial! Eres el nuevo recluta de Outer Wilds Ventures, un nuevo programa espacial que busca respuestas en un extraño sistema solar en constante evolución.	15,00 €	Mobius Digital, Annapurna Interactive	2019	./Outer.jpg
126	Inscryption	Inscryption es un juego roguelike de misterio, horror y construcción de mazos. Donde, usando diversas herramientas para crear mazos de cartas, luchamos contra adversarios y jefes en un tablero de juego de temáticas varias (según en que parte del juego nos encontremos).	20,00 €	Daniel Mullins Games	2021	./Inscryption.jpg
127	Slime Rancher 2	Slime Rancher 2 es una aventura de acción desarrollada y publicada por Monomi Park para Xbox Series y PC. Continúa las aventuras de Beatrix LeBeau en Rainbow Island mientras capturas y cultivas limos y creas y haces crecer tu granja en esta divertida y colorida aventura de exploración, acción y simulación de granja.	30,00 €	Monomi Park	2022	./slime.jpg
1	The Legend of Zelda: Breath of the Wild	Un juego de aventura y acción de mundo abierto ambientado en un vasto y hermoso mundo, lleno de desafíos y secretos.	59,99 €	Nintendo	2017	./TheLegendofZeldaBreathofthewild.jpg
2	The Last of Us	Acción y aventura post-apocalíptica	59,99 €	Naughty Dog	2013	./TLOU.jpeg
3	Cyberpunk 2077	Juego de rol de mundo abierto en un futuro distópico	49,99 €	CD Projekt Red	2020	./Cyberpunk2077.jpeg
4	Hollow Knight	Juego de acción y aventura metroidvania	14,99 €	Team Cherry	2017	./HollowKnight.jpeg
5	Minecraft	¡Bienvenido a Minecraft, el juego que ha transformado la forma en que jugamos y creamos! En este vasto mundo de bloques, puedes explorar, construir y aventurarte en un entorno completamente abierto. Minecraft ofrece un emocionante modo Creativo que te permite dejar volar tu imaginación, mientras que en el modo Supervivencia enfrentarás desafíos como criaturas y la gestión de recursos.	26,95 €	Mojang Studios	2011	./Minecraft.jpeg
6	The Witcher 3: Wild Hunt	Juego de rol de mundo abierto basado en la serie The Witcher	39,99 €	CD Projekt Red	2015	./TheWitcher3.jpg
7	Celeste	Un juego de plataformas donde los jugadores ayudan a Madeline a escalar una montaña.	19,99 €	Maddy Makes Games	2018	./Celeste.png
8	Hades	Un roguelike en el que debes escapar del inframundo griego.	24,99 €	Supergiant Games	2020	./Hades.jpeg
9	Cuphead	Un juego de plataformas y disparos con estilo de dibujos animados de la década de 1930.	19,99 €	Studio MDHR	2017	./Cuphead.jpeg
10	Stardew Valley	Un juego de simulación donde puedes administrar una granja, cultivar, y hacer amigos.	14,99 €	ConcernedApe	2016	./Stardewvalley.jpeg
\.


--
-- TOC entry 4954 (class 0 OID 17031)
-- Dependencies: 237
-- Data for Name: videojuego_genero; Type: TABLE DATA; Schema: public; Owner: postgres
--

COPY public.videojuego_genero (id_videojuego, id_genero) FROM stdin;
2	1
2	2
3	1
3	3
4	1
4	5
5	4
5	6
6	3
6	2
7	1
7	2
8	4
8	2
9	1
9	2
10	3
10	1
11	1
11	2
12	4
12	2
1	2
120	1
120	3
120	22
121	1
121	2
121	11
121	12
121	16
122	1
122	2
122	5
122	16
123	7
123	20
124	1
124	18
124	19
125	1
125	2
126	2
126	7
126	12
126	21
127	1
127	2
127	8
\.


--
-- TOC entry 4956 (class 0 OID 17035)
-- Dependencies: 239
-- Data for Name: videojuego_plataforma; Type: TABLE DATA; Schema: public; Owner: postgres
--

COPY public.videojuego_plataforma (id_juego, id_plataforma) FROM stdin;
2	2
3	1
3	2
3	3
4	1
4	4
4	2
5	1
5	2
5	3
5	4
6	1
6	2
6	3
6	4
7	1
7	2
8	1
8	2
9	1
9	2
10	1
10	2
11	1
11	2
12	1
12	2
12	3
1	3
120	1
120	2
120	3
121	1
121	2
121	3
121	4
122	1
122	2
122	3
122	4
123	1
124	1
124	2
124	3
125	1
125	2
125	3
125	4
126	1
126	2
126	3
126	4
127	1
127	2
127	3
\.


--
-- TOC entry 4965 (class 0 OID 0)
-- Dependencies: 220
-- Name: comentarios_id_comentario_seq; Type: SEQUENCE SET; Schema: public; Owner: postgres
--

SELECT pg_catalog.setval('public.comentarios_id_comentario_seq', 38, true);


--
-- TOC entry 4966 (class 0 OID 0)
-- Dependencies: 222
-- Name: denuncia_id_denuncia_seq; Type: SEQUENCE SET; Schema: public; Owner: postgres
--

SELECT pg_catalog.setval('public.denuncia_id_denuncia_seq', 128, true);


--
-- TOC entry 4967 (class 0 OID 0)
-- Dependencies: 224
-- Name: faqs_id_seq; Type: SEQUENCE SET; Schema: public; Owner: postgres
--

SELECT pg_catalog.setval('public.faqs_id_seq', 19, true);


--
-- TOC entry 4968 (class 0 OID 0)
-- Dependencies: 226
-- Name: foro_id_foro_seq; Type: SEQUENCE SET; Schema: public; Owner: postgres
--

SELECT pg_catalog.setval('public.foro_id_foro_seq', 115, true);


--
-- TOC entry 4969 (class 0 OID 0)
-- Dependencies: 230
-- Name: mensaje_id_mensaje_seq; Type: SEQUENCE SET; Schema: public; Owner: postgres
--

SELECT pg_catalog.setval('public.mensaje_id_mensaje_seq', 127, true);


--
-- TOC entry 4970 (class 0 OID 0)
-- Dependencies: 232
-- Name: noticia_id_noticia_seq; Type: SEQUENCE SET; Schema: public; Owner: postgres
--

SELECT pg_catalog.setval('public.noticia_id_noticia_seq', 50, true);


--
-- TOC entry 4971 (class 0 OID 0)
-- Dependencies: 238
-- Name: videojuego_id_videojuego_seq; Type: SEQUENCE SET; Schema: public; Owner: postgres
--

SELECT pg_catalog.setval('public.videojuego_id_videojuego_seq', 127, true);


--
-- TOC entry 4757 (class 2606 OID 17041)
-- Name: juegoseleccionado JuegoSeleccionado_pkey; Type: CONSTRAINT; Schema: public; Owner: postgres
--

ALTER TABLE ONLY public.juegoseleccionado
    ADD CONSTRAINT "JuegoSeleccionado_pkey" PRIMARY KEY (id_juego);


--
-- TOC entry 4745 (class 2606 OID 17043)
-- Name: administrador administrador_pkey; Type: CONSTRAINT; Schema: public; Owner: postgres
--

ALTER TABLE ONLY public.administrador
    ADD CONSTRAINT administrador_pkey PRIMARY KEY (admin_username);


--
-- TOC entry 4747 (class 2606 OID 17045)
-- Name: comentarios comentarios_pkey; Type: CONSTRAINT; Schema: public; Owner: postgres
--

ALTER TABLE ONLY public.comentarios
    ADD CONSTRAINT comentarios_pkey PRIMARY KEY (id_comentario);


--
-- TOC entry 4749 (class 2606 OID 17047)
-- Name: denuncia denuncia_pkey; Type: CONSTRAINT; Schema: public; Owner: postgres
--

ALTER TABLE ONLY public.denuncia
    ADD CONSTRAINT denuncia_pkey PRIMARY KEY (id_denuncia);


--
-- TOC entry 4751 (class 2606 OID 17049)
-- Name: faqs faqs_pkey; Type: CONSTRAINT; Schema: public; Owner: postgres
--

ALTER TABLE ONLY public.faqs
    ADD CONSTRAINT faqs_pkey PRIMARY KEY (id);


--
-- TOC entry 4753 (class 2606 OID 17051)
-- Name: foro foro_pkey; Type: CONSTRAINT; Schema: public; Owner: postgres
--

ALTER TABLE ONLY public.foro
    ADD CONSTRAINT foro_pkey PRIMARY KEY (id_foro);


--
-- TOC entry 4755 (class 2606 OID 17053)
-- Name: genero genero_pkey; Type: CONSTRAINT; Schema: public; Owner: postgres
--

ALTER TABLE ONLY public.genero
    ADD CONSTRAINT genero_pkey PRIMARY KEY (id_genero);


--
-- TOC entry 4759 (class 2606 OID 17055)
-- Name: mensaje mensaje_pkey; Type: CONSTRAINT; Schema: public; Owner: postgres
--

ALTER TABLE ONLY public.mensaje
    ADD CONSTRAINT mensaje_pkey PRIMARY KEY (id_mensaje);


--
-- TOC entry 4761 (class 2606 OID 17057)
-- Name: noticia noticias_pkey; Type: CONSTRAINT; Schema: public; Owner: postgres
--

ALTER TABLE ONLY public.noticia
    ADD CONSTRAINT noticias_pkey PRIMARY KEY (id_noticia);


--
-- TOC entry 4763 (class 2606 OID 17059)
-- Name: plataforma plataforma_pkey; Type: CONSTRAINT; Schema: public; Owner: postgres
--

ALTER TABLE ONLY public.plataforma
    ADD CONSTRAINT plataforma_pkey PRIMARY KEY (id_plataforma);


--
-- TOC entry 4765 (class 2606 OID 17061)
-- Name: usuario usuarios_pkey; Type: CONSTRAINT; Schema: public; Owner: postgres
--

ALTER TABLE ONLY public.usuario
    ADD CONSTRAINT usuarios_pkey PRIMARY KEY (username);


--
-- TOC entry 4767 (class 2606 OID 17063)
-- Name: valoracion valoracion_pkey; Type: CONSTRAINT; Schema: public; Owner: postgres
--

ALTER TABLE ONLY public.valoracion
    ADD CONSTRAINT valoracion_pkey PRIMARY KEY (id_videojuego, id_usuario);


--
-- TOC entry 4771 (class 2606 OID 17065)
-- Name: videojuego_genero videojuego_genero_pkey; Type: CONSTRAINT; Schema: public; Owner: postgres
--

ALTER TABLE ONLY public.videojuego_genero
    ADD CONSTRAINT videojuego_genero_pkey PRIMARY KEY (id_videojuego, id_genero);


--
-- TOC entry 4769 (class 2606 OID 17067)
-- Name: videojuego videojuego_pkey; Type: CONSTRAINT; Schema: public; Owner: postgres
--

ALTER TABLE ONLY public.videojuego
    ADD CONSTRAINT videojuego_pkey PRIMARY KEY (id_videojuego);


--
-- TOC entry 4773 (class 2606 OID 17069)
-- Name: videojuego_plataforma videojuego_plataforma_pkey; Type: CONSTRAINT; Schema: public; Owner: postgres
--

ALTER TABLE ONLY public.videojuego_plataforma
    ADD CONSTRAINT videojuego_plataforma_pkey PRIMARY KEY (id_juego, id_plataforma);


--
-- TOC entry 4774 (class 2606 OID 17070)
-- Name: comentarios comentarios_id_usuario_fkey; Type: FK CONSTRAINT; Schema: public; Owner: postgres
--

ALTER TABLE ONLY public.comentarios
    ADD CONSTRAINT comentarios_id_usuario_fkey FOREIGN KEY (id_usuario) REFERENCES public.usuario(username) ON DELETE CASCADE;


--
-- TOC entry 4775 (class 2606 OID 17075)
-- Name: comentarios comentarios_id_videojuego_fkey; Type: FK CONSTRAINT; Schema: public; Owner: postgres
--

ALTER TABLE ONLY public.comentarios
    ADD CONSTRAINT comentarios_id_videojuego_fkey FOREIGN KEY (id_videojuego) REFERENCES public.videojuego(id_videojuego) ON DELETE CASCADE;


--
-- TOC entry 4776 (class 2606 OID 17080)
-- Name: denuncia id_admin; Type: FK CONSTRAINT; Schema: public; Owner: postgres
--

ALTER TABLE ONLY public.denuncia
    ADD CONSTRAINT id_admin FOREIGN KEY (id_admin) REFERENCES public.administrador(admin_username) NOT VALID;


--
-- TOC entry 4781 (class 2606 OID 17085)
-- Name: mensaje id_foro; Type: FK CONSTRAINT; Schema: public; Owner: postgres
--

ALTER TABLE ONLY public.mensaje
    ADD CONSTRAINT id_foro FOREIGN KEY (id_foro) REFERENCES public.foro(id_foro);


--
-- TOC entry 4786 (class 2606 OID 17090)
-- Name: videojuego_genero id_genero; Type: FK CONSTRAINT; Schema: public; Owner: postgres
--

ALTER TABLE ONLY public.videojuego_genero
    ADD CONSTRAINT id_genero FOREIGN KEY (id_genero) REFERENCES public.genero(id_genero);


--
-- TOC entry 4780 (class 2606 OID 17095)
-- Name: juegoseleccionado id_juego; Type: FK CONSTRAINT; Schema: public; Owner: postgres
--

ALTER TABLE ONLY public.juegoseleccionado
    ADD CONSTRAINT id_juego FOREIGN KEY (id_juego) REFERENCES public.videojuego(id_videojuego);


--
-- TOC entry 4777 (class 2606 OID 17100)
-- Name: denuncia id_mensaje; Type: FK CONSTRAINT; Schema: public; Owner: postgres
--

ALTER TABLE ONLY public.denuncia
    ADD CONSTRAINT id_mensaje FOREIGN KEY (id_mensaje) REFERENCES public.mensaje(id_mensaje);


--
-- TOC entry 4784 (class 2606 OID 17105)
-- Name: valoracion id_usuario; Type: FK CONSTRAINT; Schema: public; Owner: postgres
--

ALTER TABLE ONLY public.valoracion
    ADD CONSTRAINT id_usuario FOREIGN KEY (id_usuario) REFERENCES public.usuario(username);


--
-- TOC entry 4779 (class 2606 OID 17110)
-- Name: foro id_usuario; Type: FK CONSTRAINT; Schema: public; Owner: postgres
--

ALTER TABLE ONLY public.foro
    ADD CONSTRAINT id_usuario FOREIGN KEY (id_usuario) REFERENCES public.usuario(username);


--
-- TOC entry 4782 (class 2606 OID 17115)
-- Name: mensaje id_usuario; Type: FK CONSTRAINT; Schema: public; Owner: postgres
--

ALTER TABLE ONLY public.mensaje
    ADD CONSTRAINT id_usuario FOREIGN KEY (id_usuario) REFERENCES public.usuario(username);


--
-- TOC entry 4778 (class 2606 OID 17120)
-- Name: denuncia id_usuario_denunciante; Type: FK CONSTRAINT; Schema: public; Owner: postgres
--

ALTER TABLE ONLY public.denuncia
    ADD CONSTRAINT id_usuario_denunciante FOREIGN KEY (id_usuario_denunciante) REFERENCES public.usuario(username) NOT VALID;


--
-- TOC entry 4787 (class 2606 OID 17125)
-- Name: videojuego_genero id_videojuego; Type: FK CONSTRAINT; Schema: public; Owner: postgres
--

ALTER TABLE ONLY public.videojuego_genero
    ADD CONSTRAINT id_videojuego FOREIGN KEY (id_videojuego) REFERENCES public.videojuego(id_videojuego);


--
-- TOC entry 4785 (class 2606 OID 17130)
-- Name: valoracion id_videojuego; Type: FK CONSTRAINT; Schema: public; Owner: postgres
--

ALTER TABLE ONLY public.valoracion
    ADD CONSTRAINT id_videojuego FOREIGN KEY (id_videojuego) REFERENCES public.videojuego(id_videojuego);


--
-- TOC entry 4788 (class 2606 OID 17135)
-- Name: videojuego_plataforma plataforma_id; Type: FK CONSTRAINT; Schema: public; Owner: postgres
--

ALTER TABLE ONLY public.videojuego_plataforma
    ADD CONSTRAINT plataforma_id FOREIGN KEY (id_plataforma) REFERENCES public.plataforma(id_plataforma);


--
-- TOC entry 4783 (class 2606 OID 17140)
-- Name: noticia videojuego; Type: FK CONSTRAINT; Schema: public; Owner: postgres
--

ALTER TABLE ONLY public.noticia
    ADD CONSTRAINT videojuego FOREIGN KEY (id_videojuego) REFERENCES public.videojuego(id_videojuego) NOT VALID;


--
-- TOC entry 4789 (class 2606 OID 17145)
-- Name: videojuego_plataforma videojuego_id; Type: FK CONSTRAINT; Schema: public; Owner: postgres
--

ALTER TABLE ONLY public.videojuego_plataforma
    ADD CONSTRAINT videojuego_id FOREIGN KEY (id_juego) REFERENCES public.videojuego(id_videojuego);


-- Completed on 2024-11-19 09:47:08

--
-- PostgreSQL database dump complete
--

